term,freq,category
jews_n,7401,no_harassment
rt_n,4791,no_harassment
whitegenocide_n,1855,no_harassment
fucking_n,1338,no_harassment
white_n,918,no_harassment
like_n,834,no_harassment
people_n,752,no_harassment
just_n,694,no_harassment
amp_n,655,no_harassment
whitelivesmatter_n,640,no_harassment
israel_n,571,no_harassment
don_n,548,no_harassment
hitler_n,529,no_harassment
rape_n,495,no_harassment
did_n,488,no_harassment
feminist_n,462,no_harassment
know_n,418,no_harassment
god_n,408,no_harassment
muslims_n,355,no_harassment
jesus_n,352,no_harassment
feminists_n,349,no_harassment
whitepower_n,325,no_harassment
say_n,323,no_harassment
think_n,315,no_harassment
hate_n,314,no_harassment
said_n,312,no_harassment
kill_n,301,no_harassment
world_n,291,no_harassment
want_n,289,no_harassment
right_n,276,no_harassment
women_n,274,no_harassment
black_n,258,no_harassment
bitch_n,245,no_harassment
men_n,243,no_harassment
anti_n,243,no_harassment
christians_n,243,no_harassment
time_n,233,no_harassment
muslim_n,229,no_harassment
stop_n,224,no_harassment
whites_n,223,no_harassment
love_n,223,no_harassment
man_n,220,no_harassment
good_n,217,no_harassment
killed_n,212,no_harassment
day_n,208,no_harassment
shit_n,207,no_harassment
jewish_n,202,no_harassment
got_n,201,no_harassment
racist_n,200,no_harassment
let_n,196,no_harassment